"Message",Low,"Démarrage de la compilation .NET Native"
"Message",Low,""
"Message",Low,""
"Message",Low,"Tâche ""Gatekeeper"""
"Message",Normal,"Lancement de 'C:\Program Files (x86)\Microsoft SDKs\UWPNuGetPackages\runtime.win10-x86.microsoft.net.native.compiler\2.2.3\tools\x86\ilc\ilc.exe --gatekeeper @""C:\Projets\FinalWeather\FinalWeather\FinalWeather\obj\x86\Release\ilc\intermediate\gkargs.rsp""'"
"Message",Low,"Microsoft (R) .NET Native Gatekeeper, version 2.2.27420.00 "
"Message",Low,"Copyright (C) Microsoft Corporation.  All rights reserved. "
"Message",Low," "
"Message",Low,"V�rification de l'assembly 'C:\Projets\FinalWeather\FinalWeather\FinalWeather\obj\x86\Release\ilc\in\FinalWeather.exe'. "
"Message",Low,"V�rification de l'assembly 'C:\Projets\FinalWeather\FinalWeather\FinalWeather\obj\x86\Release\ilc\in\FinalWeatherData.dll'. "
"Message",Low,"V�rification de l'assembly 'C:\Projets\FinalWeather\FinalWeather\FinalWeather\obj\x86\Release\ilc\in\Newtonsoft.Json.dll'. "
"Message",Low,"ILCTelemetry: System.ArgumentException: Could not deserialize to TelemetrySession object"
"Message",Low,"Nom du param�tre�: serializedSession ---> System.Runtime.Serialization.SerializationException: Une erreur s'est produite lors de la d�s�rialisation de l'objet de type Microsoft.VisualStudio.Telemetry.TelemetrySessionSettings. Jeton '""' attendu, mais 'I' a �t� trouv�. ---> System.Xml.XmlException: Jeton '""' attendu, mais 'I' a �t� trouv�."
"Message",Low,"   � System.Xml.XmlExceptionHelper.ThrowXmlException(XmlDictionaryReader reader, String res, String arg1, String arg2, String arg3)"
"Message",Low,"   � System.Runtime.Serialization.Json.XmlJsonReader.ReadServerTypeAttribute(Boolean consumedObjectChar)"
"Message",Low,"   � System.Runtime.Serialization.Json.XmlJsonReader.ReadAttributes()"
"Message",Low,"   � System.Runtime.Serialization.Json.XmlJsonReader.ReadNonExistentElementName(StringHandleConstStringType elementName)"
"Message",Low,"   � System.Runtime.Serialization.Json.XmlJsonReader.Read()"
"Message",Low,"   � System.Xml.XmlBaseReader.IsStartElement()"
"Message",Low,"   � System.Xml.XmlBaseReader.IsStartElement(XmlDictionaryString localName, XmlDictionaryString namespaceUri)"
"Message",Low,"   � System.Runtime.Serialization.XmlReaderDelegator.IsStartElement(XmlDictionaryString localname, XmlDictionaryString ns)"
"Message",Low,"   � System.Runtime.Serialization.XmlObjectSerializer.IsRootElement(XmlReaderDelegator reader, DataContract contract, XmlDictionaryString name, XmlDictionaryString ns)"
"Message",Low,"   � System.Runtime.Serialization.Json.DataContractJsonSerializer.InternalIsStartObject(XmlReaderDelegator reader)"
"Message",Low,"   � System.Runtime.Serialization.Json.DataContractJsonSerializer.InternalReadObject(XmlReaderDelegator xmlReader, Boolean verifyObjectName)"
"Message",Low,"   � System.Runtime.Serialization.XmlObjectSerializer.InternalReadObject(XmlReaderDelegator reader, Boolean verifyObjectName, DataContractResolver dataContractResolver)"
"Message",Low,"   � System.Runtime.Serialization.XmlObjectSerializer.ReadObjectHandleExceptions(XmlReaderDelegator reader, Boolean verifyObjectName, DataContractResolver dataContractResolver)"
"Message",Low,"   --- Fin de la trace de la pile d'exception interne ---"
"Message",Low,"   � System.Runtime.Serialization.XmlObjectSerializer.ReadObjectHandleExceptions(XmlReaderDelegator reader, Boolean verifyObjectName, DataContractResolver dataContractResolver)"
"Message",Low,"   � System.Runtime.Serialization.Json.DataContractJsonSerializer.ReadObject(XmlDictionaryReader reader)"
"Message",Low,"   � System.Runtime.Serialization.Json.DataContractJsonSerializer.ReadObject(Stream stream)"
"Message",Low,"   � Microsoft.VisualStudio.Telemetry.TelemetrySessionSettings.Deserialize(String settings)"
"Message",Low,"   � Microsoft.VisualStudio.Telemetry.TelemetrySessionSettings.Parse(String serializedSession)"
"Message",Low,"   --- Fin de la trace de la pile d'exception interne ---"
"Message",Low,"   � Microsoft.VisualStudio.Telemetry.TelemetrySessionSettings.Parse(String serializedSession)"
"Message",Low,"   � ILCTelemetry.Program.ReadEvents()"
"Message",Low,"   � ILCTelemetry.Program.Main(String[] args)"
"Message",Normal,"'C:\Program Files (x86)\Microsoft SDKs\UWPNuGetPackages\runtime.win10-x86.microsoft.net.native.compiler\2.2.3\tools\x86\ilc\ilc.exe --gatekeeper @""C:\Projets\FinalWeather\FinalWeather\FinalWeather\obj\x86\Release\ilc\intermediate\gkargs.rsp""' achevé."
"Message",Normal,"Statistiques d'exécution de processus (toutes les durées en millisecondes)"
"Message",Normal,"-----------------------------------------------------------------------------"
"Message",Normal,"lancement | début |   arrêt  |   fin    |  durée   | durée de vie | nom [emplacement]"
"Message",Normal,"-----------------------------------------------------------------------------"
"Message",Normal,"       0 |        0 |      218 |      218 |      218 |      218 | [0] Gatekeeper"
"Message",Normal,"Nombre de commandes :    1"
"Message",Normal,"Temps système total :    218 ms"
"Message",Normal,"Temps système par commande : 218 ms"
"Message",Normal,"Durée totale :           218 ms"
"Message",Normal,"Durée de vie totale :    218 ms"
"Message",Normal,"DOP demandé :            12"
"Message",Normal,"Durée DOP :              1,0"
"Message",Normal,"Durée de vie DOP :       1,0"
"Message",Low,"Fin de l'exécution de la tâche ""Gatekeeper""."
"Message",Low,"Génération de la cible ""RunGatekeeper"" terminée dans le fichier ""Preparation""."
"Message",Low,""
"Message",Low,"Génération de la cible ""CreateToolchainGeneratedAssembly"" terminée dans le fichier ""Preparation""."
"Message",Low,""
"Message",Low,"Tâche ""PreMergeAssemblyClosure"""
"Message",Low,"Fin de l'exécution de la tâche ""PreMergeAssemblyClosure""."
"Message",Low,"Génération de la cible ""ConstructPreMergeAssemblyClosure"" terminée dans le fichier ""Preparation""."
"Message",Low,""
"Message",Low,"Tâche ""McgReferenceResolveFilePath"""
"Message",Low,"Fin de l'exécution de la tâche ""McgReferenceResolveFilePath""."
"Message",Low,"Génération de la cible ""PreResolveTransforms"" terminée dans le fichier ""Preparation""."
"Message",Low,""
"Message",Low,"Tâche ""ResolveToolchainRequiredAssemblyRoots"""
"Message",Low,"Fin de l'exécution de la tâche ""ResolveToolchainRequiredAssemblyRoots""."
"Message",Low,"Tâche ""ILTransformAssemblyClosure"""
"Message",Low,"Fin de l'exécution de la tâche ""ILTransformAssemblyClosure""."
"Message",Low,"Tâche ""ResolveToolchainRequiredAssemblyRoots"""
"Message",Low,"Fin de l'exécution de la tâche ""ResolveToolchainRequiredAssemblyRoots""."
"Message",Low,"Tâche ""ReducedCopyAssemblyClosure"""
"Message",Low,"Fin de l'exécution de la tâche ""ReducedCopyAssemblyClosure""."
"Message",Low,"Génération de la cible ""ConstructILTransformAssemblyClosure"" terminée dans le fichier ""Preparation""."
"Message",Low,"Génération du projet ""Preparation"" terminée."
"Message",Low,""
"Message",Low,""
"Message",High,"Traitement du code de l'application"
"Message",Low,"Tâche ""RunILTransforms"""
"Message",Normal,"Exécution de la transformation 'DumpNativeResources', tas à 106 Mo."
"Message",Normal,"Exécution de la transformation 'Analysis', tas à 121 Mo."
"Message",Low,"Chargement de 94 modules..."
"Message",Normal,"Directives de réflexion importées à partir de 14 fichiers :"
"Message",Normal,"C:\Projets\FinalWeather\FinalWeather\FinalWeather\obj\x86\Release\ilc\in\Properties\Default.rd.xml"
"Message",Normal,"Manifeste incorporé dans System.Private.Interop : Resources.System.Private.Interop.rd.xml"
"Message",Normal,"Manifeste incorporé dans System.Private.WinRTInterop.CoreLib : Resources.System.Private.WinRTInterop.CoreLib.rd.xml"
"Message",Normal,"Manifeste incorporé dans System.Runtime.WindowsRuntime.UI.Xaml : Resources.System.Runtime.WindowsRuntime.UI.Xaml.rd.xml"
"Message",Normal,"Manifeste incorporé dans FinalWeatherData : FinalWeatherData.Properties.FinalWeatherData.rd.xml"
"Message",Normal,"Manifeste incorporé dans System.Private.CoreLib : Resources.System.Private.CoreLib.rd.xml"
"Message",Normal,"Manifeste incorporé dans System.Private.Uri : Resources.System.Private.Uri.rd.xml"
"Message",Normal,"Manifeste incorporé dans System.Private.Reflection.Core : System.Private.Reflection.Core.rd.xml"
"Message",Normal,"Manifeste incorporé dans System.Runtime.Serialization.Primitives : System.Runtime.Serialization.Primitives.Resources.System.Runtime.Serialization.Primitives.rd.xml"
"Message",Normal,"Manifeste incorporé dans System.Linq.Expressions : System.Linq.Expressions.Resources.System.Linq.Expressions.rd.xml"
"Message",Normal,"Manifeste incorporé dans Microsoft.CSharp : Microsoft.CSharp.Resources.Microsoft.CSharp.rd.xml"
"Message",Normal,"Manifeste incorporé dans System.Private.Xml : System.Xml.Resources.System.Private.Xml.rd.xml"
"Message",Normal,"Manifeste incorporé dans System.Net.Primitives : Resources.System.Net.Primitives.rd.xml"
"Message",Normal,"Newtonsoft.Json"
"Message",Normal,"Racines XAML importées à partir de 1 fichiers :"
"Message",Normal,"C:\Projets\FinalWeather\FinalWeather\FinalWeather\obj\x86\Release\ilc\in\FinalWeather.xr.xml"
"Message",Normal,"Exécution de la transformation 'Mcg', tas à 237 Mo."
"Message",High,"Calcul de la fermeture de l'application et génération du code interop"
"Message",High,"  Chargement de 94 modules..."
"Message",Normal,"          P/Invoke 'RhpGetFuncEvalParameterBufferSize' avec [DllImport(ExactSpelling=true)] a été résolu en '[MRT]!RhpGetFuncEvalParameterBufferSize'."
"Message",Normal,"          P/Invoke 'RhpGetFuncEvalMode' avec [DllImport(ExactSpelling=true)] a été résolu en '[MRT]!RhpGetFuncEvalMode'."
"Message",Normal,"          P/Invoke 'RhpRecordDebuggeeInitiatedHandle' avec [DllImport(ExactSpelling=true)] a été résolu en '[MRT]!RhpRecordDebuggeeInitiatedHandle'."
"Message",Normal,"          P/Invoke 'RhpVerifyDebuggerCleanup' avec [DllImport(ExactSpelling=true)] a été résolu en '[MRT]!RhpVerifyDebuggerCleanup'."
"Message",Normal,"          P/Invoke 'RhpGetCurrentThread' avec [DllImport(ExactSpelling=true)] a été résolu en '[MRT]!RhpGetCurrentThread'."
"Message",Normal,"          P/Invoke 'RhWaitForPendingFinalizers' avec [DllImport(ExactSpelling=true)] a été résolu en '[MRT]!RhWaitForPendingFinalizers'."
"Message",Normal,"          P/Invoke 'RhYield' avec [DllImport(ExactSpelling=true)] a été résolu en '[MRT]!RhYield'."
"Message",Normal,"          P/Invoke 'RhFlushProcessWriteBuffers' avec [DllImport(ExactSpelling=true)] a été résolu en '[MRT]!RhFlushProcessWriteBuffers'."
"Message",Normal,"          P/Invoke 'RhCompatibleReentrantWaitAny' avec [DllImport(ExactSpelling=true)] a été résolu en '[MRT]!RhCompatibleReentrantWaitAny'."
"Message",Normal,"          P/Invoke 'RhCallDescrWorker' avec [DllImport(ExactSpelling=true)] a été résolu en '[MRT]!RhCallDescrWorker'."
"Message",Normal,"          P/Invoke '_ecvt_s' avec [DllImport(ExactSpelling=true)] a été résolu en '[MRT]!_ecvt_s'."
"Message",Normal,"          P/Invoke 'memmove' avec [DllImport(ExactSpelling=true)] a été résolu en '[MRT]!memmove'."
"Message",Normal,"          P/Invoke 'memset' avec [DllImport(ExactSpelling=true)] a été résolu en '[MRT]!memset'."
"Message",Normal,"          P/Invoke 'CallingConventionConverter_GetStubs' avec [DllImport(ExactSpelling=true)] a été résolu en '*!CallingConventionConverter_GetStubs'."
"Message",Normal,"          P/Invoke 'WindowsCreateStringReference' résolu en 'WindowsCreateStringReference!api-ms-win-core-winrt-string-l1-1-0.dll' à partir de 'SupportedAPIs.xml'."
"Message",Normal,"          P/Invoke 'GetLastError' résolu en 'GetLastError!api-ms-win-core-errorhandling-l1-1-0.dll' à partir de 'SupportedAPIs.xml'."
"Message",Normal,"          P/Invoke 'SetLastError' résolu en 'SetLastError!api-ms-win-core-errorhandling-l1-1-0.dll' à partir de 'SupportedAPIs.xml'."
"Message",Normal,"          P/Invoke 'RoInitialize' résolu en 'RoInitialize!api-ms-win-core-winrt-l1-1-0.dll' à partir de 'SupportedAPIs.xml'."
"Message",Normal,"          P/Invoke 'IsValidLocaleName' résolu en 'IsValidLocaleName!api-ms-win-core-localization-l1-2-0.dll' à partir de 'SupportedAPIs.xml'."
"Message",Normal,"          P/Invoke 'ResolveLocaleName' résolu en 'ResolveLocaleName!api-ms-win-core-localization-l1-2-0.dll' à partir de 'SupportedAPIs.xml'."
"Message",Normal,"          P/Invoke 'CertDuplicateCertificateContext' résolu en 'CertDuplicateCertificateContext!crypt32.dll' à partir de 'SupportedAPIs.xml'."
"Message",Normal,"          P/Invoke 'CertGetCertificateContextProperty' résolu en 'CertGetCertificateContextProperty!crypt32.dll' à partir de 'SupportedAPIs.xml'."
"Message",Normal,"          P/Invoke 'GetCPInfoExW' résolu en 'GetCPInfoExW!kernel32.dll' à partir de 'SupportedAPIs.xml'."
"Message",Normal,"          P/Invoke 'CryptQueryObject' résolu en 'CryptQueryObject!crypt32.dll' à partir de 'SupportedAPIs.xml'."
"Message",Normal,"          P/Invoke 'CertDuplicateCertificateContext' résolu en 'CertDuplicateCertificateContext!crypt32.dll' à partir de 'SupportedAPIs.xml'."
"Message",Normal,"          P/Invoke 'CertFreeCertificateContext' résolu en 'CertFreeCertificateContext!crypt32.dll' à partir de 'SupportedAPIs.xml'."
"Message",Normal,"          P/Invoke 'CryptMsgGetParam' résolu en 'CryptMsgGetParam!crypt32.dll' à partir de 'SupportedAPIs.xml'."
"Message",Normal,"          P/Invoke 'CryptMsgGetParam' résolu en 'CryptMsgGetParam!crypt32.dll' à partir de 'SupportedAPIs.xml'."
"Message",Normal,"          P/Invoke 'PFXImportCertStore' résolu en 'PFXImportCertStore!crypt32.dll' à partir de 'SupportedAPIs.xml'."
"Message",Normal,"          P/Invoke 'CryptFindOIDInfo' résolu en 'CryptFindOIDInfo!crypt32.dll' à partir de 'SupportedAPIs.xml'."
"Message",Normal,"          P/Invoke 'CoCreateInstance' avec [DllImport(ExactSpelling=true)] a été résolu en 'api-ms-win-core-com-l1-1-0.dll!CoCreateInstance'."
"Message",Normal,"          P/Invoke 'CertGetCertificateContextProperty' résolu en 'CertGetCertificateContextProperty!crypt32.dll' à partir de 'SupportedAPIs.xml'."
"Message",Normal,"          P/Invoke 'CertCloseStore' résolu en 'CertCloseStore!crypt32.dll' à partir de 'SupportedAPIs.xml'."
"Message",Normal,"          P/Invoke 'CryptMsgClose' résolu en 'CryptMsgClose!crypt32.dll' à partir de 'SupportedAPIs.xml'."
"Message",Normal,"          P/Invoke 'CertFindCertificateInStore' résolu en 'CertFindCertificateInStore!crypt32.dll' à partir de 'SupportedAPIs.xml'."
"Message",Normal,"          P/Invoke 'CryptAcquireContextW' résolu en 'CryptAcquireContextW!advapi32.dll' à partir de 'SupportedAPIs.xml'."
"Message",Normal,"          P/Invoke 'CertEnumCertificatesInStore' résolu en 'CertEnumCertificatesInStore!crypt32.dll' à partir de 'SupportedAPIs.xml'."
"Message",Normal,"          P/Invoke 'WSAGetOverlappedResult' résolu en 'WSAGetOverlappedResult!ws2_32.dll' à partir de 'SupportedAPIs.xml'."
"Message",Normal,"          P/Invoke 'SysFreeString' résolu en 'SysFreeString!OleAut32' à partir de 'SupportedAPIs.xml'."
"Message",Normal,"          P/Invoke 'FormatMessageW' résolu en 'FormatMessageW!kernel32.dll' à partir de 'SupportedAPIs.xml'."
"Message",Normal,"          P/Invoke 'CertGetNameStringW' résolu en 'CertGetNameStringW!crypt32.dll' à partir de 'SupportedAPIs.xml'."
"Message",Normal,"          P/Invoke 'CertGetNameStringW' résolu en 'CertGetNameStringW!crypt32.dll' à partir de 'SupportedAPIs.xml'."
"Message",Normal,"          P/Invoke 'NCryptOpenKey' résolu en 'NCryptOpenKey!ncrypt.dll' à partir de 'SupportedAPIs.xml'."
"Message",Normal,"          P/Invoke 'setsockopt' résolu en 'setsockopt!ws2_32.dll' à partir de 'SupportedAPIs.xml'."
"Message",Normal,"          P/Invoke 'setsockopt' résolu en 'setsockopt!ws2_32.dll' à partir de 'SupportedAPIs.xml'."
"Message",Normal,"          P/Invoke 'NCryptDeleteKey' résolu en 'NCryptDeleteKey!ncrypt.dll' à partir de 'SupportedAPIs.xml'."
"Message",Normal,"          P/Invoke 'NCryptOpenStorageProvider' résolu en 'NCryptOpenStorageProvider!ncrypt.dll' à partir de 'SupportedAPIs.xml'."
"Message",Normal,"          P/Invoke 'CryptGetKeyParam' résolu en 'CryptGetKeyParam!advapi32.dll' à partir de 'SupportedAPIs.xml'."
"Message",Normal,"          P/Invoke 'CryptFindOIDInfo' résolu en 'CryptFindOIDInfo!crypt32.dll' à partir de 'SupportedAPIs.xml'."
"Message",Normal,"          P/Invoke 'CertGetCertificateChain' résolu en 'CertGetCertificateChain!crypt32.dll' à partir de 'SupportedAPIs.xml'."
"Message",Normal,"          P/Invoke 'CryptGetDefaultProviderW' résolu en 'CryptGetDefaultProviderW!advapi32.dll' à partir de 'SupportedAPIs.xml'."
"Message",Normal,"          P/Invoke 'CryptAcquireContextW' résolu en 'CryptAcquireContextW!advapi32.dll' à partir de 'SupportedAPIs.xml'."
"Message",Normal,"          P/Invoke 'CryptGetUserKey' résolu en 'CryptGetUserKey!advapi32.dll' à partir de 'SupportedAPIs.xml'."
"Message",Normal,"          P/Invoke 'CertVerifyCertificateChainPolicy' résolu en 'CertVerifyCertificateChainPolicy!crypt32.dll' à partir de 'SupportedAPIs.xml'."
"Message",Normal,"          P/Invoke 'CertNameToStrW' résolu en 'CertNameToStrW!crypt32.dll' à partir de 'SupportedAPIs.xml'."
"Message",Normal,"          P/Invoke 'CryptFormatObject' résolu en 'CryptFormatObject!crypt32.dll' à partir de 'SupportedAPIs.xml'."
"Message",Normal,"          P/Invoke 'CertAddCertificateLinkToStore' résolu en 'CertAddCertificateLinkToStore!crypt32.dll' à partir de 'SupportedAPIs.xml'."
"Message",Normal,"          P/Invoke 'CryptGetProvParam' résolu en 'CryptGetProvParam!advapi32.dll' à partir de 'SupportedAPIs.xml'."
"Message",Normal,"          P/Invoke 'CryptDestroyKey' résolu en 'CryptDestroyKey!advapi32.dll' à partir de 'SupportedAPIs.xml'."
"Message",Normal,"          P/Invoke 'NCryptFreeObject' résolu en 'NCryptFreeObject!ncrypt.dll' à partir de 'SupportedAPIs.xml'."
"Message",Normal,"          P/Invoke 'CryptFormatObject' résolu en 'CryptFormatObject!crypt32.dll' à partir de 'SupportedAPIs.xml'."
"Message",Normal,"          P/Invoke 'GetNetworkParams' résolu en 'GetNetworkParams!iphlpapi.dll' à partir de 'SupportedAPIs.xml'."
"Message",Normal,"          P/Invoke 'LocalAlloc' résolu en 'LocalAlloc!kernel32.dll' à partir de 'SupportedAPIs.xml'."
"Message",Normal,"          P/Invoke 'CertOpenStore' résolu en 'CertOpenStore!crypt32.dll' à partir de 'SupportedAPIs.xml'."
"Message",Normal,"          P/Invoke 'BCryptGenRandom' résolu en 'BCryptGenRandom!BCrypt.dll' à partir de 'SupportedAPIs.xml'."
"Message",Normal,"          P/Invoke 'CryptImportPublicKeyInfoEx2' résolu en 'CryptImportPublicKeyInfoEx2!crypt32.dll' à partir de 'SupportedAPIs.xml'."
"Message",Normal,"          P/Invoke 'BCryptExportKey' résolu en 'BCryptExportKey!BCrypt.dll' à partir de 'SupportedAPIs.xml'."
"Message",Normal,"          P/Invoke 'CryptDecodeObject' résolu en 'CryptDecodeObject!crypt32.dll' à partir de 'SupportedAPIs.xml'."
"Message",Normal,"          P/Invoke 'CertFreeCertificateChain' résolu en 'CertFreeCertificateChain!crypt32.dll' à partir de 'SupportedAPIs.xml'."
"Message",Normal,"          P/Invoke 'CryptReleaseContext' résolu en 'CryptReleaseContext!advapi32.dll' à partir de 'SupportedAPIs.xml'."
"Message",Normal,"          P/Invoke 'LocalFree' résolu en 'LocalFree!kernel32.dll' à partir de 'SupportedAPIs.xml'."
"Message",Normal,"          P/Invoke 'CertControlStore' résolu en 'CertControlStore!crypt32.dll' à partir de 'SupportedAPIs.xml'."
"Message",Normal,"          P/Invoke 'FormatMessageW' résolu en 'FormatMessageW!kernel32.dll' à partir de 'SupportedAPIs.xml'."
"Message",Normal,"          P/Invoke 'FormatMessageW' résolu en 'FormatMessageW!kernel32.dll' à partir de 'SupportedAPIs.xml'."
"Message",Normal,"          P/Invoke 'BCryptGetProperty' résolu en 'BCryptGetProperty!BCrypt.dll' à partir de 'SupportedAPIs.xml'."
"Message",Normal,"          P/Invoke 'NCryptImportKey' résolu en 'NCryptImportKey!ncrypt.dll' à partir de 'SupportedAPIs.xml'."
"Message",Normal,"          P/Invoke 'NCryptGetProperty' résolu en 'NCryptGetProperty!ncrypt.dll' à partir de 'SupportedAPIs.xml'."
"Message",Normal,"          P/Invoke 'CryptImportKey' résolu en 'CryptImportKey!advapi32.dll' à partir de 'SupportedAPIs.xml'."
"Message",Normal,"          P/Invoke 'CryptSetProvParam' résolu en 'CryptSetProvParam!advapi32.dll' à partir de 'SupportedAPIs.xml'."
"Message",Normal,"          P/Invoke 'RoGetBufferMarshaler' résolu en 'RoGetBufferMarshaler!api-ms-win-core-winrt-robuffer-l1-1-0.dll' à partir de 'SupportedAPIs.xml'."
"Message",Normal,"          P/Invoke 'BCryptDestroyKey' résolu en 'BCryptDestroyKey!BCrypt.dll' à partir de 'SupportedAPIs.xml'."
"Message",Normal,"          P/Invoke 'FormatMessageW' résolu en 'FormatMessageW!kernel32.dll' à partir de 'SupportedAPIs.xml'."
"Message",Normal,"          P/Invoke 'NCryptSetProperty' résolu en 'NCryptSetProperty!ncrypt.dll' à partir de 'SupportedAPIs.xml'."
"Message",Normal,"          P/Invoke 'CryptDecodeObject' résolu en 'CryptDecodeObject!crypt32.dll' à partir de 'SupportedAPIs.xml'."
"Message",Normal,"          P/Invoke 'CryptSetProvParam' résolu en 'CryptSetProvParam!advapi32.dll' à partir de 'SupportedAPIs.xml'."
"Message",Normal,"          P/Invoke 'CertFindExtension' résolu en 'CertFindExtension!crypt32.dll' à partir de 'SupportedAPIs.xml'."
"Message",Normal,"          P/Invoke 'CertGetValidUsages' résolu en 'CertGetValidUsages!crypt32.dll' à partir de 'SupportedAPIs.xml'."
"Message",Normal,"          P/Invoke 'CertGetIntendedKeyUsage' résolu en 'CertGetIntendedKeyUsage!crypt32.dll' à partir de 'SupportedAPIs.xml'."
"Message",Normal,"          P/Invoke 'CryptFindOIDInfo' résolu en 'CryptFindOIDInfo!crypt32.dll' à partir de 'SupportedAPIs.xml'."
"Message",Normal,"          P/Invoke 'CryptGenKey' résolu en 'CryptGenKey!advapi32.dll' à partir de 'SupportedAPIs.xml'."
"Message",Normal,"          P/Invoke 'FormatMessageW' résolu en 'FormatMessageW!kernel32.dll' à partir de 'SupportedAPIs.xml'."
"Message",Normal,"          P/Invoke 'CertVerifyTimeValidity' résolu en 'CertVerifyTimeValidity!crypt32.dll' à partir de 'SupportedAPIs.xml'."
"Message",Normal,"          P/Invoke 'BCryptCreateHash' résolu en 'BCryptCreateHash!BCrypt.dll' à partir de 'SupportedAPIs.xml'."
"Message",Normal,"          P/Invoke 'BCryptGetProperty' résolu en 'BCryptGetProperty!BCrypt.dll' à partir de 'SupportedAPIs.xml'."
"Message",Normal,"          P/Invoke 'BCryptOpenAlgorithmProvider' résolu en 'BCryptOpenAlgorithmProvider!BCrypt.dll' à partir de 'SupportedAPIs.xml'."
"Message",Normal,"          P/Invoke 'BCryptCloseAlgorithmProvider' résolu en 'BCryptCloseAlgorithmProvider!BCrypt.dll' à partir de 'SupportedAPIs.xml'."
"Message",Normal,"          P/Invoke 'BCryptDestroyHash' résolu en 'BCryptDestroyHash!BCrypt.dll' à partir de 'SupportedAPIs.xml'."
"Message",High,"  Génération du code..."
"Message",High,"  Code interop généré."
"Message",Normal,"  Code écrit dans AssemblyInfo.g.cs"
"Message",Normal,"  Code écrit dans Adapters.g.cs"
"Message",Normal,"  Code écrit dans Data.g.cs"
"Message",Normal,"  Code écrit dans Helpers.g.cs"
"Message",Normal,"  Code écrit dans ImplTypes.g.cs"
"Message",Normal,"  Code écrit dans PInvoke.g.cs"
"Message",Normal,"  Code écrit dans SafeTypes.g.cs"
"Message",Normal,"  Code écrit dans SharedStubs.g.cs"
"Message",Normal,"Exécution de la transformation 'GenerateCodeAndCompile', tas à 225 Mo."
"Message",High,"Compilation du code interop"
"Message",Normal,"Compilation du code source généré : C:\Program Files (x86)\Microsoft SDKs\UWPNuGetPackages\microsoft.net.native.compiler\2.2.3\tools\csc\csc.exe /noconfig @""C:\Projets\FinalWeather\FinalWeather\FinalWeather\obj\x86\Release\ilc\intermediate\FinalWeather.McgInterop.rsp"""
"Message",High,"Génération du code proxy System.Reflection.DispatchProxy."
"Message",Normal,"Exécution de la transformation 'ReducedCopyInitialize', tas à 225 Mo."
"Message",Normal,"Exécution de la transformation 'ReducedCopyEmptyTypes', tas à 245 Mo."
"Message",Normal,"Exécution de la transformation 'ReducedCopyPopulateTypes', tas à 248 Mo."
"Message",Normal,"Exécution de la transformation 'ReducedCopyLateMetadata', tas à 251 Mo."
"Message",Normal,"Exécution de la transformation 'ReducedCopyPassResourcesToMutableAssembly', tas à 266 Mo."
"Message",Normal,"Exécution de la transformation 'ReducedCopyMethodBodies', tas à 267 Mo."
"Message",Normal,"Exécution de la transformation 'ReducedCopyComplete', tas à 281 Mo."
"Message",Normal,"Exécution de la transformation 'ReducedCopyCleanup', tas à 294 Mo."
"Message",Normal,"Exécution de la transformation 'DeveloperExperienceModeOnlyCodeRemover', tas à 265 Mo."
"Message",Normal,"Exécution de la transformation 'ComImportDetector', tas à 265 Mo."
"Message",Normal,"Exécution de la transformation 'McgAccessor', tas à 265 Mo."
"Message",Normal,"Exécution de la transformation 'McgRedirect', tas à 266 Mo."
"Message",Normal,"Exécution de la transformation 'McgRedirect', tas à 269 Mo."
"Message",Normal,"Exécution de la transformation 'McgTypeOf', tas à 269 Mo."
"Message",Normal,"Exécution de la transformation 'EventSource', tas à 276 Mo."
"Message",Normal,"Exécution de la transformation 'ValueType', tas à 276 Mo."
"Message",Normal,"Exécution de la transformation 'Attribute', tas à 276 Mo."
"Message",Normal,"Exécution de la transformation 'GetType', tas à 277 Mo."
"Message",Normal,"Exécution de la transformation 'McgFixups', tas à 278 Mo."
"Message",Normal,"Exécution de la transformation 'ResourceManagerCtor', tas à 278 Mo."
"Message",Normal,"Exécution de la transformation 'TypeofTypeHandle', tas à 278 Mo."
"Message",Normal,"Exécution de la transformation 'DispatchProxyIntrinsics', tas à 282 Mo."
"Message",Normal,"Exécution de la transformation 'StaticInitData', tas à 282 Mo."
"Message",Normal,"Exécution de la transformation 'Delegate', tas à 290 Mo."
"Message",Normal,"Exécution de la transformation 'LazyGenerics', tas à 292 Mo."
"Message",Normal,"Exécution de la transformation 'AddReflectionBlockedAttributes', tas à 282 Mo."
"Message",Normal,"Exécution de la transformation 'DisableOptimization', tas à 282 Mo."
"Message",Normal,"Exécution de la transformation 'ResourceExtractor', tas à 282 Mo."
"Message",Normal,"Exécution de la transformation 'CreateMetadata', tas à 283 Mo."
"Message",Normal,"Exécution de la transformation 'StartupCodeInjector', tas à 314 Mo."
"Message",Normal,"Exécution de la transformation 'SaveRVAStatics', tas à 314 Mo."
"Message",Normal,"Exécution de la transformation 'ReflectionInvoke', tas à 315 Mo."
"Message",Normal,"Exécution de la transformation 'ScrubOpenCalls', tas à 316 Mo."
"Message",Normal,"Exécution de la transformation 'ConvertCatchIntoFilter', tas à 316 Mo."
"Message",Normal,"Exécution de la transformation 'ReflectionMappingInfoEmit', tas à 317 Mo."
"Message",Normal,"Exécution de la transformation 'ReflectionIntrinsics', tas à 319 Mo."
"Message",Normal,"Exécution de la transformation 'ConvertManagedWinMD', tas à 319 Mo."
"Message",Normal,"Exécution de la transformation 'DebuggerGuidedStepThroughJmc', tas à 319 Mo."
"Message",Normal,"Exécution de la transformation 'Reducer', tas à 321 Mo."
"Message",High,"Nettoyage du code non référencé"
"Message",Normal,"Exécution de la transformation 'WriteAssemblies', tas à 328 Mo."
"Message",Normal,""
"Message",Normal,"Résumé de la transformation"
"Message",Normal,"    ms | delta du tas | nom"
"Message",Normal,"  7160 |        116 | Analysis"
"Message",Normal,"  1280 |          0 | GenerateCodeAndCompile"
"Message",Normal,"  1057 |          7 | Reducer"
"Message",Normal,"   801 |         18 | WriteAssemblies"
"Message",Normal,"   400 |        -12 | Mcg"
"Message",Normal,"   335 |         13 | ReducedCopyComplete"
"Message",Normal,"   190 |         14 | ReducedCopyMethodBodies"
"Message",Normal,"   180 |         20 | ReducedCopyInitialize"
"Message",Normal,"   158 |         31 | CreateMetadata"
"Message",Normal,"   146 |         15 | DumpNativeResources"
"Message",Normal,"   133 |          3 | ReducedCopyPopulateTypes"
"Message",Normal,"   119 |        -10 | LazyGenerics"
"Message",Normal,"    68 |         15 | ReducedCopyLateMetadata"
"Message",Normal,"    67 |          7 | McgTypeOf"
"Message",Normal,"    53 |          3 | McgRedirect"
"Message",Normal,"    34 |          8 | StaticInitData"
"Message",Normal,"    33 |          0 | McgRedirect"
"Message",Normal,"    31 |          1 | ResourceExtractor"
"Message",Normal,"    30 |          4 | TypeofTypeHandle"
"Message",Normal,"    19 |          1 | SaveRVAStatics"
"Message",Normal,"    11 |        -29 | ReducedCopyCleanup"
"Message",Normal,"    11 |          1 | GetType"
"Message",Normal,"    10 |          3 | ReducedCopyEmptyTypes"
"Message",Normal,"     8 |          2 | DebuggerGuidedStepThroughJmc"
"Message",Normal,"     6 |          0 | DispatchProxyIntrinsics"
"Message",Normal,"     6 |          0 | McgFixups"
"Message",Normal,"     5 |          0 | ReflectionIntrinsics"
"Message",Normal,"     5 |          0 | ScrubOpenCalls"
"Message",Normal,"     4 |          2 | Delegate"
"Message",Normal,"     3 |          1 | McgAccessor"
"Message",Normal,"     3 |          1 | ReflectionInvoke"
"Message",Normal,"     2 |          2 | ReflectionMappingInfoEmit"
"Message",Normal,"     2 |          1 | ConvertCatchIntoFilter"
"Message",Normal,"     1 |          1 | ReducedCopyPassResourcesToMutableAssembly"
"Message",Normal,"     1 |          0 | AddReflectionBlockedAttributes"
"Message",Normal,"     1 |          0 | EventSource"
"Message",Normal,"     1 |          0 | ValueType"
"Message",Normal,"     1 |          1 | Attribute"
"Message",Normal,"     0 |          0 | StartupCodeInjector"
"Message",Normal,"     0 |          0 | DeveloperExperienceModeOnlyCodeRemover"
"Message",Normal,"     0 |          0 | DisableOptimization"
"Message",Normal,"     0 |          0 | ConvertManagedWinMD"
"Message",Normal,"     0 |          0 | ResourceManagerCtor"
"Message",Normal,"     0 |          0 | ComImportDetector"
"Message",Low,"Fin de l'exécution de la tâche ""RunILTransforms""."
"Message",Low,"Génération de la cible ""RunILTransforms"" terminée dans le fichier ""ILTransforms""."
"Message",Low,"Génération du projet ""ILTransforms"" terminée."
"Message",Low,""
"Message",Low,""
"Message",Low,"Génération de la cible ""GenerateMDIL"" terminée dans le fichier ""Nutc""."
"Message",Low,""
"Message",High,"Génération du code natif"
"Message",Low,"Génération de la cible ""MDILPrepareMultiFile"" terminée dans le fichier ""Nutc""."
"Message",Low,""
"Message",Low,"Génération de la cible ""SetBinaryForReferences"" terminée dans le fichier ""Nutc""."
"Message",Low,""
"Message",Low,"Tâche ""GenerateMDILGlobalAnalysis"""
"Message",Normal,"Lancement de 'C:\Program Files (x86)\Microsoft SDKs\UWPNuGetPackages\runtime.win10-x86.microsoft.net.native.compiler\2.2.3\tools\x86\ilc\Tools\nutc_driver.exe @""C:\Projets\FinalWeather\FinalWeather\FinalWeather\obj\x86\Release\ilc\intermediate\MDIL\FinalWeather.rsp""'"
"Message",Low,"Microsoft (R) MDIL Compiler - Version 2.2.27420.00"
"Message",Low,"Copyright (c) Microsoft Corporation.  All rights reserved."
"Message",Low,"Analyse des types d'entrée"
"Message",Low,"Analyse de 8972 méthodes."
"Message",Low,"Analyse de 5248 méthodes."
"Message",Low,"Analyse de 2765 méthodes."
"Message",Low,"Analyse de 2011 méthodes."
"Message",Low,"Analyse de 1368 méthodes."
"Message",Low,"Analyse de 1226 méthodes."
"Message",Low,"Analyse de 1254 méthodes."
"Message",Low,"Analyse de 1174 méthodes."
"Message",Low,"Analyse de 889 méthodes."
"Message",Low,"Analyse de 456 méthodes."
"Message",Low,"Analyse de 245 méthodes."
"Message",Low,"Analyse de 155 méthodes."
"Message",Low,"Analyse de 104 méthodes."
"Message",Low,"Analyse de 167 méthodes."
"Message",Low,"Analyse de 134 méthodes."
"Message",Low,"Analyse de 87 méthodes."
"Message",Low,"Analyse de 37 méthodes."
"Message",Low,"Analyse de 32 méthodes."
"Message",Low,"Analyse de 19 méthodes."
"Message",Low,"Analyse de 21 méthodes."
"Message",Low,"Analyse de 6 méthodes."
"Message",Low,"Génération de code hâtive"
"Message",Low,"Compilation de 26370 méthodes."
"Message",Low,"Génération de code différée"
"Message",Low,"Compilation de 19 méthodes."
"Message",Low,"Compilation de 1 méthodes."
"Message",Low,"Appel à la méthode managée Initialize effectué ; code de sortie : 0 durant la génération de la liste CTL.Statistiques des métadonnées de la trace de la pile"
"Message",Low,"Nombre de méthodes envoyées :   13184"
"Message",Low,"Taille de l'objet blob de métadonnées :          273303"
"Message",Low,"RVA de la méthode - taille de la table des jetons : 105472"
"Message",Low,"Taille native totale :           378775"
"Message",Low,"Génération réussie de 'C:\Projets\FinalWeather\FinalWeather\FinalWeather\obj\x86\Release\ilc\intermediate\MDIL\FinalWeather.mdilexe'"
"Message",Low,"Génération réussie de 'C:\Projets\FinalWeather\FinalWeather\FinalWeather\obj\x86\Release\ilc\intermediate\MDIL\FinalWeather.mdilpdb'"
"Message",Low,"Compilé en code MDIL."
"Message",Normal,"'C:\Program Files (x86)\Microsoft SDKs\UWPNuGetPackages\runtime.win10-x86.microsoft.net.native.compiler\2.2.3\tools\x86\ilc\Tools\nutc_driver.exe @""C:\Projets\FinalWeather\FinalWeather\FinalWeather\obj\x86\Release\ilc\intermediate\MDIL\FinalWeather.rsp""' achevé."
"Message",Normal,"Statistiques d'exécution de processus (toutes les durées en millisecondes)"
"Message",Normal,"-----------------------------------------------------------------------------"
"Message",Normal,"lancement | début |   arrêt  |   fin    |  durée   | durée de vie | nom [emplacement]"
"Message",Normal,"-----------------------------------------------------------------------------"
"Message",Normal,"       0 |       31 |    10312 |    10312 |    10281 |    10312 | [0] Nutc GlobalAnalysis"
"Message",Normal,"Nombre de commandes :    1"
"Message",Normal,"Temps système total :    10312 ms"
"Message",Normal,"Temps système par commande : 10312 ms"
"Message",Normal,"Durée totale :           10281 ms"
"Message",Normal,"Durée de vie totale :    10312 ms"
"Message",Normal,"DOP demandé :            12"
"Message",Normal,"Durée DOP :              1,0"
"Message",Normal,"Durée de vie DOP :       1,0"
"Message",Low,"Fin de l'exécution de la tâche ""GenerateMDILGlobalAnalysis""."
"Message",Low,"Génération de la cible ""GenerateMDILGlobalAnalysis"" terminée dans le fichier ""Nutc""."
"Message",Low,""
"Message",Low,"Tâche ""rc"""
"Message",Normal,"Lancement de 'C:\Program Files (x86)\Windows Kits\10\bin\10.0.17763.0\x64\rc.exe /c ""65001"" /r /fo ""C:\Projets\FinalWeather\FinalWeather\FinalWeather\obj\x86\Release\ilc\intermediate\BuildInfo\BuildInfo.res"" ""C:\Projets\FinalWeather\FinalWeather\FinalWeather\obj\x86\Release\ilc\intermediate\BuildInfo\BuildInfo.rc""'"
"Message",Low,"Microsoft (R) Windows (R) Resource Compiler Version 10.0.10011.16384"
"Message",Low,"Copyright (C) Microsoft Corporation.  All rights reserved."
"Message",Normal,"'C:\Program Files (x86)\Windows Kits\10\bin\10.0.17763.0\x64\rc.exe /c ""65001"" /r /fo ""C:\Projets\FinalWeather\FinalWeather\FinalWeather\obj\x86\Release\ilc\intermediate\BuildInfo\BuildInfo.res"" ""C:\Projets\FinalWeather\FinalWeather\FinalWeather\obj\x86\Release\ilc\intermediate\BuildInfo\BuildInfo.rc""' achevé."
"Message",Normal,"Statistiques d'exécution de processus (toutes les durées en millisecondes)"
"Message",Normal,"-----------------------------------------------------------------------------"
"Message",Normal,"lancement | début |   arrêt  |   fin    |  durée   | durée de vie | nom [emplacement]"
"Message",Normal,"-----------------------------------------------------------------------------"
"Message",Normal,"       0 |        0 |       16 |       16 |       16 |       16 | [0] rc"
"Message",Normal,"Nombre de commandes :    1"
"Message",Normal,"Temps système total :    16 ms"
"Message",Normal,"Temps système par commande : 16 ms"
"Message",Normal,"Durée totale :           16 ms"
"Message",Normal,"Durée de vie totale :    16 ms"
"Message",Normal,"DOP demandé :            12"
"Message",Normal,"Durée DOP :              1,0"
"Message",Normal,"Durée de vie DOP :       1,0"
"Message",Low,"Fin de l'exécution de la tâche ""rc""."
"Message",Low,"Tâche ""ResourceBinaryConcatenate"""
"Message",Normal,"Concaténation en 'C:\Projets\FinalWeather\FinalWeather\FinalWeather\obj\x86\Release\ilc\intermediate\Native.res' avec l'alignement '4'."
"Message",Normal," Ajout effectué de 'C:\Projets\FinalWeather\FinalWeather\FinalWeather\obj\x86\Release\ilc\intermediate\ILTransformed\FinalWeather.res' à l'offset 0."
"Message",Normal," Ajout effectué de 'C:\Projets\FinalWeather\FinalWeather\FinalWeather\obj\x86\Release\ilc\intermediate\BuildInfo\BuildInfo.res' à l'offset 1416."
"Message",Low,"Fin de l'exécution de la tâche ""ResourceBinaryConcatenate""."
"Message",Low,"Génération de la cible ""GenerateBuildInfo"" terminée dans le fichier ""Nutc""."
"Message",Low,"Génération du projet ""Nutc"" terminée."
"Message",Low,""
"Message",Low,""
"Message",Low,"Génération de la cible ""MDILBindPrepare"" terminée dans le fichier ""Binder""."
"Message",Low,""
"Message",High,"Génération de corrections pour le code natif"
"Message",Low,"Tâche ""MDILBind"""
"Message",Normal,"Lancement de 'C:\Program Files (x86)\Microsoft SDKs\UWPNuGetPackages\runtime.win10-x86.microsoft.net.native.compiler\2.2.3\tools\x86\ilc\Tools\rhbind.exe @""C:\Projets\FinalWeather\FinalWeather\FinalWeather\obj\x86\Release\ilc\intermediate\rhbindargs.FinalWeather.rsp""'"
"Message",Low,"VERSION DE SYSTÈME D'EXPLOITATION : principale : 6  secondaire : 2"
"Message",Low,"MDIL : C:\Projets\FinalWeather\FinalWeather\FinalWeather\obj\x86\Release\ilc\intermediate\MDIL\FinalWeather.mdilexe"
"Message",Low,"MDILPDB : C:\Projets\FinalWeather\FinalWeather\FinalWeather\obj\x86\Release\ilc\intermediate\MDIL\FinalWeather.mdilpdb"
"Message",Low,"IL : C:\Projets\FinalWeather\FinalWeather\FinalWeather\obj\x86\Release\ilc\intermediate\MDIL\FinalWeather.ilexe"
"Message",Low,"NI : C:\Projets\FinalWeather\FinalWeather\FinalWeather\obj\x86\Release\ilc\intermediate\Native\FinalWeather.dll"
"Message",Low,"SHIM : C:\Projets\FinalWeather\FinalWeather\FinalWeather\obj\x86\Release\ilc\intermediate\Native\FinalWeather.exe"
"Message",Low,"REDHAWK_RUNTIME_DLL_NAME_A=mrt100_app.dll"
"Message",Low,"pdb : C:\Projets\FinalWeather\FinalWeather\FinalWeather\obj\x86\Release\ilc\intermediate\Native\FinalWeather.pdb"
"Message",Low,"C:\Projets\FinalWeather\FinalWeather\FinalWeather\obj\x86\Release\ilc\intermediate\Native\FinalWeather.dll produits en 1.243 secondes"
"Message",Normal,"'C:\Program Files (x86)\Microsoft SDKs\UWPNuGetPackages\runtime.win10-x86.microsoft.net.native.compiler\2.2.3\tools\x86\ilc\Tools\rhbind.exe @""C:\Projets\FinalWeather\FinalWeather\FinalWeather\obj\x86\Release\ilc\intermediate\rhbindargs.FinalWeather.rsp""' achevé."
"Message",Normal,"Statistiques d'exécution de processus (toutes les durées en millisecondes)"
"Message",Normal,"-----------------------------------------------------------------------------"
"Message",Normal,"lancement | début |   arrêt  |   fin    |  durée   | durée de vie | nom [emplacement]"
"Message",Normal,"-----------------------------------------------------------------------------"
"Message",Normal,"       0 |       16 |     1282 |     1282 |     1266 |     1282 | [0] rhbind FinalWeather"
"Message",Normal,"Nombre de commandes :    1"
"Message",Normal,"Temps système total :    1282 ms"
"Message",Normal,"Temps système par commande : 1282 ms"
"Message",Normal,"Durée totale :           1266 ms"
"Message",Normal,"Durée de vie totale :    1282 ms"
"Message",Normal,"DOP demandé :            12"
"Message",Normal,"Durée DOP :              1,0"
"Message",Normal,"Durée de vie DOP :       1,0"
"Message",Low,"Fin de l'exécution de la tâche ""MDILBind""."
"Message",Low,"Génération de la cible ""MDILBind"" terminée dans le fichier ""Binder""."
"Message",Low,"Génération du projet ""Binder"" terminée."
"Message",Low,""
"Message",Low,""
"Message",Low,"Génération de la cible ""CopyNativeExecutablesToOutput"" terminée dans le fichier ""Deployment""."
"Message",Low,""
"Message",Low,"Tâche ""TransformAppxManifest"""
"Message",Low,"Fin de l'exécution de la tâche ""TransformAppxManifest""."
"Message",Low,"Génération de la cible ""TransformAppxManifestAndAddCrt"" terminée dans le fichier ""Deployment""."
"Message",Low,""
"Message",Low,"Génération de la cible ""CopyPackageResourceFileInRetailBuild"" terminée dans le fichier ""Deployment""."
"Message",Low,"Génération du projet ""Deployment"" terminée."
"Message",Low,"Fin de la compilation"
